{
  "WebSocket Open Connection-P2" : {
    "transaction" : "WebSocket Open Connection-P2",
    "sampleCount" : 16502,
    "errorCount" : 27,
    "errorPct" : 0.16361654,
    "meanResTime" : 453.1945824748512,
    "medianResTime" : 445.0,
    "minResTime" : 436.0,
    "maxResTime" : 3449.0,
    "pct1ResTime" : 458.0,
    "pct2ResTime" : 476.0,
    "pct3ResTime" : 591.9699999999993,
    "throughput" : 16.255997982530367,
    "receivedKBytesPerSec" : 2.630937968842506,
    "sentKBytesPerSec" : 4.398786676844315
  },
  "WebSocket Single Write Sampler-P1" : {
    "transaction" : "WebSocket Single Write Sampler-P1",
    "sampleCount" : 16380,
    "errorCount" : 0,
    "errorPct" : 0.0,
    "meanResTime" : 0.1006105006105008,
    "medianResTime" : 0.0,
    "minResTime" : 0.0,
    "maxResTime" : 8.0,
    "pct1ResTime" : 0.0,
    "pct2ResTime" : 1.0,
    "pct3ResTime" : 1.0,
    "throughput" : 18.400607512121034,
    "receivedKBytesPerSec" : 0.0,
    "sentKBytesPerSec" : 2.4399844997629714
  },
  "WebSocket Single Write Sampler-P2" : {
    "transaction" : "WebSocket Single Write Sampler-P2",
    "sampleCount" : 16375,
    "errorCount" : 0,
    "errorPct" : 0.0,
    "meanResTime" : 0.09404580152671786,
    "medianResTime" : 0.0,
    "minResTime" : 0.0,
    "maxResTime" : 8.0,
    "pct1ResTime" : 0.0,
    "pct2ResTime" : 1.0,
    "pct3ResTime" : 1.0,
    "throughput" : 18.31452669111586,
    "receivedKBytesPerSec" : 0.0,
    "sentKBytesPerSec" : 2.0015304862772467
  },
  "WebSocket Open Connection-P1" : {
    "transaction" : "WebSocket Open Connection-P1",
    "sampleCount" : 16507,
    "errorCount" : 27,
    "errorPct" : 0.16356698,
    "meanResTime" : 452.56018658750946,
    "medianResTime" : 445.0,
    "minResTime" : 436.0,
    "maxResTime" : 3457.0,
    "pct1ResTime" : 458.0,
    "pct2ResTime" : 475.0,
    "pct3ResTime" : 586.9200000000001,
    "throughput" : 16.323878728424532,
    "receivedKBytesPerSec" : 2.6419253810750996,
    "sentKBytesPerSec" : 4.41692747013997
  },
  "Total" : {
    "transaction" : "Total",
    "sampleCount" : 82171,
    "errorCount" : 107,
    "errorPct" : 0.13021626,
    "meanResTime" : 214.55121636586995,
    "medianResTime" : 135.0,
    "minResTime" : 0.0,
    "maxResTime" : 3457.0,
    "pct1ResTime" : 448.0,
    "pct2ResTime" : 453.0,
    "pct3ResTime" : 497.9900000000016,
    "throughput" : 80.85993698177745,
    "receivedKBytesPerSec" : 9.782051050824432,
    "sentKBytesPerSec" : 16.329857572137858
  },
  "01_Get_/session/token" : {
    "transaction" : "01_Get_/session/token",
    "sampleCount" : 16407,
    "errorCount" : 53,
    "errorPct" : 0.32303286,
    "meanResTime" : 163.20302309989555,
    "medianResTime" : 135.0,
    "minResTime" : 114.0,
    "maxResTime" : 1283.0,
    "pct1ResTime" : 340.0,
    "pct2ResTime" : 349.0,
    "pct3ResTime" : 495.0,
    "throughput" : 18.330143684999044,
    "receivedKBytesPerSec" : 5.137336731272407,
    "sentKBytesPerSec" : 4.1350226476902145
  }
}