{
  "029_POST_web/emazad/Biddings/EnterMazadForMazadUserAsync" : {
    "transaction" : "029_POST_web/emazad/Biddings/EnterMazadForMazadUserAsync",
    "sampleCount" : 12,
    "errorCount" : 0,
    "errorPct" : 0.0,
    "meanResTime" : 434.75,
    "medianResTime" : 443.5,
    "minResTime" : 327.0,
    "maxResTime" : 462.0,
    "pct1ResTime" : 461.4,
    "pct2ResTime" : 462.0,
    "pct3ResTime" : 462.0,
    "throughput" : 0.022405030676221165,
    "receivedKBytesPerSec" : 0.00940836249099131,
    "sentKBytesPerSec" : 0.03763344996396524
  },
  "028_POST_web/emazad/GetAuctionsByCauseId/List" : {
    "transaction" : "028_POST_web/emazad/GetAuctionsByCauseId/List",
    "sampleCount" : 12,
    "errorCount" : 0,
    "errorPct" : 0.0,
    "meanResTime" : 126.83333333333334,
    "medianResTime" : 125.0,
    "minResTime" : 121.0,
    "maxResTime" : 146.0,
    "pct1ResTime" : 140.9,
    "pct2ResTime" : 146.0,
    "pct3ResTime" : 146.0,
    "throughput" : 0.022417712982284402,
    "receivedKBytesPerSec" : 0.030747732308221132,
    "sentKBytesPerSec" : 0.014536485761950041
  },
  "021_GET_web/emazad/AuctionBidderStatsus/GetAsync" : {
    "transaction" : "021_GET_web/emazad/AuctionBidderStatsus/GetAsync",
    "sampleCount" : 12,
    "errorCount" : 0,
    "errorPct" : 0.0,
    "meanResTime" : 189.08333333333334,
    "medianResTime" : 187.5,
    "minResTime" : 183.0,
    "maxResTime" : 199.0,
    "pct1ResTime" : 198.1,
    "pct2ResTime" : 199.0,
    "pct3ResTime" : 199.0,
    "throughput" : 0.022421901713593838,
    "receivedKBytesPerSec" : 0.01020371699075657,
    "sentKBytesPerSec" : 0.035953869739961994
  },
  "011_POST_web/emazad/GetCausesOrAuctionsBySearch/Execute" : {
    "transaction" : "011_POST_web/emazad/GetCausesOrAuctionsBySearch/Execute",
    "sampleCount" : 12,
    "errorCount" : 0,
    "errorPct" : 0.0,
    "meanResTime" : 7286.166666666667,
    "medianResTime" : 7223.0,
    "minResTime" : 7042.0,
    "maxResTime" : 7616.0,
    "pct1ResTime" : 7603.7,
    "pct2ResTime" : 7616.0,
    "pct3ResTime" : 7616.0,
    "throughput" : 0.022101482641127174,
    "receivedKBytesPerSec" : 0.27024854095681,
    "sentKBytesPerSec" : 0.04118127820241274
  },
  "018_GET_web/emazad/GetAuctionDetailsForPublic/Execute" : {
    "transaction" : "018_GET_web/emazad/GetAuctionDetailsForPublic/Execute",
    "sampleCount" : 12,
    "errorCount" : 0,
    "errorPct" : 0.0,
    "meanResTime" : 318.8333333333333,
    "medianResTime" : 320.5,
    "minResTime" : 274.0,
    "maxResTime" : 366.0,
    "pct1ResTime" : 354.30000000000007,
    "pct2ResTime" : 366.0,
    "pct3ResTime" : 366.0,
    "throughput" : 0.022417503586800575,
    "receivedKBytesPerSec" : 0.05027519237020265,
    "sentKBytesPerSec" : 0.03695385356886657
  },
  "013_POST_web/emazad/GetCausesOrAuctionsBySearch/Execute" : {
    "transaction" : "013_POST_web/emazad/GetCausesOrAuctionsBySearch/Execute",
    "sampleCount" : 12,
    "errorCount" : 0,
    "errorPct" : 0.0,
    "meanResTime" : 7269.916666666666,
    "medianResTime" : 7228.0,
    "minResTime" : 7036.0,
    "maxResTime" : 7533.0,
    "pct1ResTime" : 7528.8,
    "pct2ResTime" : 7533.0,
    "pct3ResTime" : 7533.0,
    "throughput" : 0.02212075350660028,
    "receivedKBytesPerSec" : 0.2704895783600042,
    "sentKBytesPerSec" : 0.04121718524472005
  },
  "017_POST_web/emazad/GetAuctionsByCauseId/List" : {
    "transaction" : "017_POST_web/emazad/GetAuctionsByCauseId/List",
    "sampleCount" : 12,
    "errorCount" : 0,
    "errorPct" : 0.0,
    "meanResTime" : 201.74999999999997,
    "medianResTime" : 199.5,
    "minResTime" : 194.0,
    "maxResTime" : 214.0,
    "pct1ResTime" : 214.0,
    "pct2ResTime" : 214.0,
    "pct3ResTime" : 214.0,
    "throughput" : 0.022421357090006803,
    "receivedKBytesPerSec" : 0.12282480722304019,
    "sentKBytesPerSec" : 0.039281166620578324
  },
  "004_POST_web/emazad/GetCausesOrAuctionsBySearch/Execute" : {
    "transaction" : "004_POST_web/emazad/GetCausesOrAuctionsBySearch/Execute",
    "sampleCount" : 13,
    "errorCount" : 0,
    "errorPct" : 0.0,
    "meanResTime" : 7271.076923076924,
    "medianResTime" : 7173.0,
    "minResTime" : 6898.0,
    "maxResTime" : 7613.0,
    "pct1ResTime" : 7601.4,
    "pct2ResTime" : 7613.0,
    "pct3ResTime" : 7613.0,
    "throughput" : 0.021971038790714027,
    "receivedKBytesPerSec" : 0.268656686463136,
    "sentKBytesPerSec" : 0.016671383926157027
  },
  "007_GET_captcha" : {
    "transaction" : "007_GET_captcha",
    "sampleCount" : 13,
    "errorCount" : 0,
    "errorPct" : 0.0,
    "meanResTime" : 104.23076923076923,
    "medianResTime" : 65.0,
    "minResTime" : 50.0,
    "maxResTime" : 445.0,
    "pct1ResTime" : 327.39999999999986,
    "pct2ResTime" : 445.0,
    "pct3ResTime" : 445.0,
    "throughput" : 0.022268510270922123,
    "receivedKBytesPerSec" : 0.29888181566298494,
    "sentKBytesPerSec" : 0.00948151413879106
  },
  "006_POST_web/emazad/GetCausesOrAuctionsBySearch/Execute" : {
    "transaction" : "006_POST_web/emazad/GetCausesOrAuctionsBySearch/Execute",
    "sampleCount" : 13,
    "errorCount" : 0,
    "errorPct" : 0.0,
    "meanResTime" : 7194.615384615385,
    "medianResTime" : 7143.0,
    "minResTime" : 6889.0,
    "maxResTime" : 7506.0,
    "pct1ResTime" : 7476.0,
    "pct2ResTime" : 7506.0,
    "pct3ResTime" : 7506.0,
    "throughput" : 0.021992485336933335,
    "receivedKBytesPerSec" : 0.26892223393745,
    "sentKBytesPerSec" : 0.016687657330856642
  },
  "005_POST_web/emazad/GetCausesOrAuctionsBySearch/Count" : {
    "transaction" : "005_POST_web/emazad/GetCausesOrAuctionsBySearch/Count",
    "sampleCount" : 13,
    "errorCount" : 0,
    "errorPct" : 0.0,
    "meanResTime" : 123.92307692307692,
    "medianResTime" : 118.0,
    "minResTime" : 102.0,
    "maxResTime" : 184.0,
    "pct1ResTime" : 172.0,
    "pct2ResTime" : 184.0,
    "pct3ResTime" : 184.0,
    "throughput" : 0.0222535674180384,
    "receivedKBytesPerSec" : 0.011713547693674508,
    "sentKBytesPerSec" : 0.016842299559550546
  },
  "025_POST_web/emazad/Bill/GetMyBills" : {
    "transaction" : "025_POST_web/emazad/Bill/GetMyBills",
    "sampleCount" : 12,
    "errorCount" : 0,
    "errorPct" : 0.0,
    "meanResTime" : 417.4999999999999,
    "medianResTime" : 270.5,
    "minResTime" : 255.0,
    "maxResTime" : 1921.0,
    "pct1ResTime" : 1447.6000000000017,
    "pct2ResTime" : 1921.0,
    "pct3ResTime" : 1921.0,
    "throughput" : 0.022400011946673036,
    "receivedKBytesPerSec" : 1.2786290673521692,
    "sentKBytesPerSec" : 0.03952814608167791
  },
  "008_POST_web/emazad/Account/Login" : {
    "transaction" : "008_POST_web/emazad/Account/Login",
    "sampleCount" : 12,
    "errorCount" : 0,
    "errorPct" : 0.0,
    "meanResTime" : 411.3333333333333,
    "medianResTime" : 410.0,
    "minResTime" : 397.0,
    "maxResTime" : 434.0,
    "pct1ResTime" : 431.90000000000003,
    "pct2ResTime" : 434.0,
    "pct3ResTime" : 434.0,
    "throughput" : 0.022378540471590443,
    "receivedKBytesPerSec" : 0.025416252508261412,
    "sentKBytesPerSec" : 0.015275976357071994
  },
  "016_POST_web/emazad/GetAuctionsByCauseId/Counter" : {
    "transaction" : "016_POST_web/emazad/GetAuctionsByCauseId/Counter",
    "sampleCount" : 12,
    "errorCount" : 0,
    "errorPct" : 0.0,
    "meanResTime" : 175.75,
    "medianResTime" : 173.5,
    "minResTime" : 166.0,
    "maxResTime" : 194.0,
    "pct1ResTime" : 192.5,
    "pct2ResTime" : 194.0,
    "pct3ResTime" : 194.0,
    "throughput" : 0.02242148277002472,
    "receivedKBytesPerSec" : 0.011714348908167211,
    "sentKBytesPerSec" : 0.03934707474388127
  },
  "030_GET_web/emazad/Biddings/GetAuctionSubscriptionStatus" : {
    "transaction" : "030_GET_web/emazad/Biddings/GetAuctionSubscriptionStatus",
    "sampleCount" : 12,
    "errorCount" : 0,
    "errorPct" : 0.0,
    "meanResTime" : 204.08333333333331,
    "medianResTime" : 204.0,
    "minResTime" : 195.0,
    "maxResTime" : 223.0,
    "pct1ResTime" : 218.8,
    "pct2ResTime" : 223.0,
    "pct3ResTime" : 223.0,
    "throughput" : 0.02241093055786409,
    "receivedKBytesPerSec" : 0.009870439142184282,
    "sentKBytesPerSec" : 0.03611136271530835
  },
  "001_GET_-6" : {
    "transaction" : "001_GET_-6",
    "sampleCount" : 13,
    "errorCount" : 0,
    "errorPct" : 0.0,
    "meanResTime" : 77.6923076923077,
    "medianResTime" : 77.0,
    "minResTime" : 75.0,
    "maxResTime" : 82.0,
    "pct1ResTime" : 82.0,
    "pct2ResTime" : 82.0,
    "pct3ResTime" : 82.0,
    "throughput" : 0.022237655535294578,
    "receivedKBytesPerSec" : 15.459318440982116,
    "sentKBytesPerSec" : 0.013029876290211666
  },
  "001_GET_-5" : {
    "transaction" : "001_GET_-5",
    "sampleCount" : 13,
    "errorCount" : 0,
    "errorPct" : 0.0,
    "meanResTime" : 9.23076923076923,
    "medianResTime" : 9.0,
    "minResTime" : 8.0,
    "maxResTime" : 10.0,
    "pct1ResTime" : 10.0,
    "pct2ResTime" : 10.0,
    "pct3ResTime" : 10.0,
    "throughput" : 0.02224028056969334,
    "receivedKBytesPerSec" : 0.5504903821478979,
    "sentKBytesPerSec" : 0.013096571468286217
  },
  "001_GET_-4" : {
    "transaction" : "001_GET_-4",
    "sampleCount" : 13,
    "errorCount" : 0,
    "errorPct" : 0.0,
    "meanResTime" : 10.461538461538462,
    "medianResTime" : 10.0,
    "minResTime" : 10.0,
    "maxResTime" : 12.0,
    "pct1ResTime" : 11.6,
    "pct2ResTime" : 12.0,
    "pct3ResTime" : 12.0,
    "throughput" : 0.022240204473018353,
    "receivedKBytesPerSec" : 0.7435699612678285,
    "sentKBytesPerSec" : 0.013139964556812602
  },
  "001_GET_-3" : {
    "transaction" : "001_GET_-3",
    "sampleCount" : 13,
    "errorCount" : 0,
    "errorPct" : 0.0,
    "meanResTime" : 6.538461538461538,
    "medianResTime" : 7.0,
    "minResTime" : 6.0,
    "maxResTime" : 7.0,
    "pct1ResTime" : 7.0,
    "pct2ResTime" : 7.0,
    "pct3ResTime" : 7.0,
    "throughput" : 0.02224035666688907,
    "receivedKBytesPerSec" : 0.07619059686274107,
    "sentKBytesPerSec" : 0.01309661627942784
  },
  "031_GET_web/emazad/GetLastFiveBiddings/GetAsync" : {
    "transaction" : "031_GET_web/emazad/GetLastFiveBiddings/GetAsync",
    "sampleCount" : 12,
    "errorCount" : 0,
    "errorPct" : 0.0,
    "meanResTime" : 254.50000000000003,
    "medianResTime" : 252.5,
    "minResTime" : 239.0,
    "maxResTime" : 282.0,
    "pct1ResTime" : 277.8,
    "pct2ResTime" : 282.0,
    "pct3ResTime" : 282.0,
    "throughput" : 0.02240913097390083,
    "receivedKBytesPerSec" : 0.03666832653745313,
    "sentKBytesPerSec" : 0.03680874833798945
  },
  "001_GET_-2" : {
    "transaction" : "001_GET_-2",
    "sampleCount" : 13,
    "errorCount" : 0,
    "errorPct" : 0.0,
    "meanResTime" : 27.692307692307693,
    "medianResTime" : 28.0,
    "minResTime" : 26.0,
    "maxResTime" : 29.0,
    "pct1ResTime" : 29.0,
    "pct2ResTime" : 29.0,
    "pct3ResTime" : 29.0,
    "throughput" : 0.02223963376455413,
    "receivedKBytesPerSec" : 4.489604347827017,
    "sentKBytesPerSec" : 0.013096190585963027
  },
  "019_GET_web/emazad/GetAuctionPrices/GetAsync" : {
    "transaction" : "019_GET_web/emazad/GetAuctionPrices/GetAsync",
    "sampleCount" : 12,
    "errorCount" : 0,
    "errorPct" : 0.0,
    "meanResTime" : 202.91666666666666,
    "medianResTime" : 204.0,
    "minResTime" : 191.0,
    "maxResTime" : 222.0,
    "pct1ResTime" : 217.8,
    "pct2ResTime" : 222.0,
    "pct3ResTime" : 222.0,
    "throughput" : 0.02242081249287672,
    "receivedKBytesPerSec" : 0.02599339963977228,
    "sentKBytesPerSec" : 0.036762250171425793
  },
  "001_GET_-1" : {
    "transaction" : "001_GET_-1",
    "sampleCount" : 13,
    "errorCount" : 0,
    "errorPct" : 0.0,
    "meanResTime" : 6.384615384615384,
    "medianResTime" : 6.0,
    "minResTime" : 5.0,
    "maxResTime" : 7.0,
    "pct1ResTime" : 7.0,
    "pct2ResTime" : 7.0,
    "pct3ResTime" : 7.0,
    "throughput" : 0.022240432764605546,
    "receivedKBytesPerSec" : 0.022978884633742844,
    "sentKBytesPerSec" : 0.013031503573011066
  },
  "001_GET_-0" : {
    "transaction" : "001_GET_-0",
    "sampleCount" : 13,
    "errorCount" : 0,
    "errorPct" : 0.0,
    "meanResTime" : 36.92307692307693,
    "medianResTime" : 20.0,
    "minResTime" : 9.0,
    "maxResTime" : 175.0,
    "pct1ResTime" : 122.99999999999996,
    "pct2ResTime" : 175.0,
    "pct3ResTime" : 175.0,
    "throughput" : 0.02223898699703537,
    "receivedKBytesPerSec" : 0.09935875538226253,
    "sentKBytesPerSec" : 0.01216194601400372
  },
  "002_GET_assets/appconfig.k8s.json" : {
    "transaction" : "002_GET_assets/appconfig.k8s.json",
    "sampleCount" : 13,
    "errorCount" : 0,
    "errorPct" : 0.0,
    "meanResTime" : 6.3076923076923075,
    "medianResTime" : 6.0,
    "minResTime" : 5.0,
    "maxResTime" : 7.0,
    "pct1ResTime" : 7.0,
    "pct2ResTime" : 7.0,
    "pct3ResTime" : 7.0,
    "throughput" : 0.022240394715682215,
    "receivedKBytesPerSec" : 0.04209168453026575,
    "sentKBytesPerSec" : 0.01018627453286617
  },
  "001_GET_" : {
    "transaction" : "001_GET_",
    "sampleCount" : 13,
    "errorCount" : 0,
    "errorPct" : 0.0,
    "meanResTime" : 178.61538461538458,
    "medianResTime" : 165.0,
    "minResTime" : 149.0,
    "maxResTime" : 320.0,
    "pct1ResTime" : 268.4,
    "pct2ResTime" : 320.0,
    "pct3ResTime" : 320.0,
    "throughput" : 0.022233395928894176,
    "receivedKBytesPerSec" : 21.43683675267998,
    "sentKBytesPerSec" : 0.09062714317109795
  },
  "020_GET_web/emazad/GetLastFiveBiddings/GetAsync" : {
    "transaction" : "020_GET_web/emazad/GetLastFiveBiddings/GetAsync",
    "sampleCount" : 12,
    "errorCount" : 0,
    "errorPct" : 0.0,
    "meanResTime" : 251.74999999999997,
    "medianResTime" : 253.0,
    "minResTime" : 239.0,
    "maxResTime" : 262.0,
    "pct1ResTime" : 260.8,
    "pct2ResTime" : 262.0,
    "pct3ResTime" : 262.0,
    "throughput" : 0.022419262630452085,
    "receivedKBytesPerSec" : 0.036704974414016524,
    "sentKBytesPerSec" : 0.03682539037541055
  },
  "009_POST_web/emazad/OTP/SendByTempAccessToken" : {
    "transaction" : "009_POST_web/emazad/OTP/SendByTempAccessToken",
    "sampleCount" : 12,
    "errorCount" : 0,
    "errorPct" : 0.0,
    "meanResTime" : 92.66666666666667,
    "medianResTime" : 92.0,
    "minResTime" : 88.0,
    "maxResTime" : 99.0,
    "pct1ResTime" : 98.4,
    "pct2ResTime" : 99.0,
    "pct3ResTime" : 99.0,
    "throughput" : 0.02239177773921416,
    "receivedKBytesPerSec" : 0.009730801849560843,
    "sentKBytesPerSec" : 0.01347005379624602
  },
  "010_POST_web/emazad/Account/VerifyOTPLogin" : {
    "transaction" : "010_POST_web/emazad/Account/VerifyOTPLogin",
    "sampleCount" : 12,
    "errorCount" : 0,
    "errorPct" : 0.0,
    "meanResTime" : 446.41666666666663,
    "medianResTime" : 396.5,
    "minResTime" : 385.0,
    "maxResTime" : 919.0,
    "pct1ResTime" : 784.6000000000005,
    "pct2ResTime" : 919.0,
    "pct3ResTime" : 919.0,
    "throughput" : 0.022378498738412134,
    "receivedKBytesPerSec" : 0.08051014585186553,
    "sentKBytesPerSec" : 0.013003131591167205
  },
  "024_POST_web/emazad/WalletOrders/CreateOrEdit" : {
    "transaction" : "024_POST_web/emazad/WalletOrders/CreateOrEdit",
    "sampleCount" : 12,
    "errorCount" : 0,
    "errorPct" : 0.0,
    "meanResTime" : 369.49999999999994,
    "medianResTime" : 346.5,
    "minResTime" : 337.0,
    "maxResTime" : 624.0,
    "pct1ResTime" : 545.1000000000003,
    "pct2ResTime" : 624.0,
    "pct3ResTime" : 624.0,
    "throughput" : 0.022396667375894467,
    "receivedKBytesPerSec" : 0.009164261357909943,
    "sentKBytesPerSec" : 0.036460199722281324
  },
  "026_POST_web/emazad/Bill/GetMyBills" : {
    "transaction" : "026_POST_web/emazad/Bill/GetMyBills",
    "sampleCount" : 12,
    "errorCount" : 0,
    "errorPct" : 0.0,
    "meanResTime" : 430.4166666666667,
    "medianResTime" : 308.5,
    "minResTime" : 282.0,
    "maxResTime" : 1763.0,
    "pct1ResTime" : 1340.9000000000015,
    "pct2ResTime" : 1763.0,
    "pct3ResTime" : 1763.0,
    "throughput" : 0.02240243738518751,
    "receivedKBytesPerSec" : 1.2803919108065624,
    "sentKBytesPerSec" : 0.039532426127962726
  },
  "014_POST_web/emazad/GetCauseById/Execute" : {
    "transaction" : "014_POST_web/emazad/GetCauseById/Execute",
    "sampleCount" : 12,
    "errorCount" : 0,
    "errorPct" : 0.0,
    "meanResTime" : 197.74999999999997,
    "medianResTime" : 197.0,
    "minResTime" : 189.0,
    "maxResTime" : 217.0,
    "pct1ResTime" : 212.50000000000003,
    "pct2ResTime" : 217.0,
    "pct3ResTime" : 217.0,
    "throughput" : 0.02242060303948642,
    "receivedKBytesPerSec" : 0.029195318134344256,
    "sentKBytesPerSec" : 0.037396865226018365
  },
  "003_GET_" : {
    "transaction" : "003_GET_",
    "sampleCount" : 13,
    "errorCount" : 0,
    "errorPct" : 0.0,
    "meanResTime" : 6.0,
    "medianResTime" : 6.0,
    "minResTime" : 5.0,
    "maxResTime" : 7.0,
    "pct1ResTime" : 7.0,
    "pct2ResTime" : 7.0,
    "pct3ResTime" : 7.0,
    "throughput" : 0.022240394715682215,
    "receivedKBytesPerSec" : 0.0054080647306688195,
    "sentKBytesPerSec" : 0.014291191135662984
  },
  "023_POST_web/emazad/Bill/GetMyBills" : {
    "transaction" : "023_POST_web/emazad/Bill/GetMyBills",
    "sampleCount" : 12,
    "errorCount" : 0,
    "errorPct" : 0.0,
    "meanResTime" : 429.75000000000006,
    "medianResTime" : 282.5,
    "minResTime" : 273.0,
    "maxResTime" : 1726.0,
    "pct1ResTime" : 1363.9000000000015,
    "pct2ResTime" : 1726.0,
    "pct3ResTime" : 1726.0,
    "throughput" : 0.022407666409600936,
    "receivedKBytesPerSec" : 1.269654703695958,
    "sentKBytesPerSec" : 0.039541653517723534
  },
  "015_POST_web/emazad/GetAuctionsByCauseId/List" : {
    "transaction" : "015_POST_web/emazad/GetAuctionsByCauseId/List",
    "sampleCount" : 12,
    "errorCount" : 0,
    "errorPct" : 0.0,
    "meanResTime" : 204.5,
    "medianResTime" : 200.5,
    "minResTime" : 194.0,
    "maxResTime" : 219.0,
    "pct1ResTime" : 218.4,
    "pct2ResTime" : 219.0,
    "pct3ResTime" : 219.0,
    "throughput" : 0.022420393590009472,
    "receivedKBytesPerSec" : 0.12281770456740786,
    "sentKBytesPerSec" : 0.03927947861374707
  },
  "027_POST_webhook/handle-paid-event" : {
    "transaction" : "027_POST_webhook/handle-paid-event",
    "sampleCount" : 12,
    "errorCount" : 0,
    "errorPct" : 0.0,
    "meanResTime" : 115.33333333333333,
    "medianResTime" : 92.5,
    "minResTime" : 79.0,
    "maxResTime" : 210.0,
    "pct1ResTime" : 203.10000000000002,
    "pct2ResTime" : 210.0,
    "pct3ResTime" : 210.0,
    "throughput" : 0.022414070058911648,
    "receivedKBytesPerSec" : 0.0023858726918177435,
    "sentKBytesPerSec" : 0.016110112854842745
  },
  "012_POST_web/emazad/GetCausesOrAuctionsBySearch/Count" : {
    "transaction" : "012_POST_web/emazad/GetCausesOrAuctionsBySearch/Count",
    "sampleCount" : 12,
    "errorCount" : 0,
    "errorPct" : 0.0,
    "meanResTime" : 186.91666666666666,
    "medianResTime" : 186.5,
    "minResTime" : 165.0,
    "maxResTime" : 210.0,
    "pct1ResTime" : 209.7,
    "pct2ResTime" : 210.0,
    "pct3ResTime" : 210.0,
    "throughput" : 0.0224036084745383,
    "receivedKBytesPerSec" : 0.01179252438259389,
    "sentKBytesPerSec" : 0.041700466555146476
  },
  "033_POST_web/emazad/AddBid/AddBid" : {
    "transaction" : "033_POST_web/emazad/AddBid/AddBid",
    "sampleCount" : 12,
    "errorCount" : 0,
    "errorPct" : 0.0,
    "meanResTime" : 686.3333333333333,
    "medianResTime" : 648.0,
    "minResTime" : 624.0,
    "maxResTime" : 1058.0,
    "pct1ResTime" : 949.4000000000003,
    "pct2ResTime" : 1058.0,
    "pct3ResTime" : 1058.0,
    "throughput" : 0.022392947714333165,
    "receivedKBytesPerSec" : 0.009403288590979747,
    "sentKBytesPerSec" : 0.03705733982511108
  },
  "Total" : {
    "transaction" : "Total",
    "sampleCount" : 494,
    "errorCount" : 0,
    "errorPct" : 0.0,
    "meanResTime" : 912.7955465587045,
    "medianResTime" : 195.0,
    "minResTime" : 5.0,
    "maxResTime" : 7616.0,
    "pct1ResTime" : 6893.5,
    "pct2ResTime" : 7223.0,
    "pct3ResTime" : 7575.1,
    "throughput" : 0.8245412863177889,
    "receivedKBytesPerSec" : 47.242436080316,
    "sentKBytesPerSec" : 1.0402267316410208
  },
  "032_GET_web/emazad/GetAuctionPrices/GetAsync" : {
    "transaction" : "032_GET_web/emazad/GetAuctionPrices/GetAsync",
    "sampleCount" : 12,
    "errorCount" : 0,
    "errorPct" : 0.0,
    "meanResTime" : 202.83333333333331,
    "medianResTime" : 200.5,
    "minResTime" : 192.0,
    "maxResTime" : 222.0,
    "pct1ResTime" : 220.8,
    "pct2ResTime" : 222.0,
    "pct3ResTime" : 222.0,
    "throughput" : 0.022411390962980116,
    "receivedKBytesPerSec" : 0.02598247686023883,
    "sentKBytesPerSec" : 0.03674680217465197
  },
  "022_GET_web/emazad/GetMyWallet/GetAsync" : {
    "transaction" : "022_GET_web/emazad/GetMyWallet/GetAsync",
    "sampleCount" : 12,
    "errorCount" : 0,
    "errorPct" : 0.0,
    "meanResTime" : 154.5,
    "medianResTime" : 153.5,
    "minResTime" : 149.0,
    "maxResTime" : 160.0,
    "pct1ResTime" : 160.0,
    "pct2ResTime" : 160.0,
    "pct3ResTime" : 160.0,
    "throughput" : 0.022423116738482927,
    "receivedKBytesPerSec" : 0.00935208929725952,
    "sentKBytesPerSec" : 0.03486093930436017
  }
}