{
  "Total" : {
    "transaction" : "Total",
    "sampleCount" : 72,
    "errorCount" : 72,
    "errorPct" : 100.0,
    "meanResTime" : 2.1527777777777772,
    "medianResTime" : 2.0,
    "minResTime" : 1.0,
    "maxResTime" : 3.0,
    "pct1ResTime" : 3.0,
    "pct2ResTime" : 3.0,
    "pct3ResTime" : 3.0,
    "throughput" : 0.33705024857455834,
    "receivedKBytesPerSec" : 0.8498669353706149,
    "sentKBytesPerSec" : 0.0
  },
  "memorySample2" : {
    "transaction" : "memorySample2",
    "sampleCount" : 36,
    "errorCount" : 36,
    "errorPct" : 100.0,
    "meanResTime" : 2.0833333333333335,
    "medianResTime" : 2.0,
    "minResTime" : 1.0,
    "maxResTime" : 3.0,
    "pct1ResTime" : 3.0,
    "pct2ResTime" : 3.0,
    "pct3ResTime" : 3.0,
    "throughput" : 0.17093692427494256,
    "receivedKBytesPerSec" : 0.4310147836698258,
    "sentKBytesPerSec" : 0.0
  },
  "memorySample1" : {
    "transaction" : "memorySample1",
    "sampleCount" : 36,
    "errorCount" : 36,
    "errorPct" : 100.0,
    "meanResTime" : 2.222222222222222,
    "medianResTime" : 2.0,
    "minResTime" : 1.0,
    "maxResTime" : 3.0,
    "pct1ResTime" : 3.0,
    "pct2ResTime" : 3.0,
    "pct3ResTime" : 3.0,
    "throughput" : 0.17093205450833293,
    "receivedKBytesPerSec" : 0.43100250462940976,
    "sentKBytesPerSec" : 0.0
  }
}