{
  "028_GET_api/Organization/GetCurrentOrganizationDetails" : {
    "transaction" : "028_GET_api/Organization/GetCurrentOrganizationDetails",
    "sampleCount" : 457,
    "errorCount" : 0,
    "errorPct" : 0.0,
    "meanResTime" : 130.6236323851202,
    "medianResTime" : 74.0,
    "minResTime" : 57.0,
    "maxResTime" : 6428.0,
    "pct1ResTime" : 111.19999999999999,
    "pct2ResTime" : 184.1999999999996,
    "pct3ResTime" : 1745.0000000000016,
    "throughput" : 0.7661447829228507,
    "receivedKBytesPerSec" : 1.7956518349754313,
    "sentKBytesPerSec" : 1.490391023029608
  },
  "058_GET_/api/CooCertificateRequest/print-certifications" : {
    "transaction" : "058_GET_/api/CooCertificateRequest/print-certifications",
    "sampleCount" : 517,
    "errorCount" : 0,
    "errorPct" : 0.0,
    "meanResTime" : 341.5957446808513,
    "medianResTime" : 228.0,
    "minResTime" : 139.0,
    "maxResTime" : 4113.0,
    "pct1ResTime" : 632.0,
    "pct2ResTime" : 778.9999999999993,
    "pct3ResTime" : 2413.8200000000725,
    "throughput" : 0.8684521729782031,
    "receivedKBytesPerSec" : 159.18154609736155,
    "sentKBytesPerSec" : 1.7377524437815801
  },
  "027_GET_api/app/attachment/attachments-types" : {
    "transaction" : "027_GET_api/app/attachment/attachments-types",
    "sampleCount" : 457,
    "errorCount" : 0,
    "errorPct" : 0.0,
    "meanResTime" : 88.14004376367615,
    "medianResTime" : 55.0,
    "minResTime" : 45.0,
    "maxResTime" : 2288.0,
    "pct1ResTime" : 79.0,
    "pct2ResTime" : 144.69999999999976,
    "pct3ResTime" : 1059.220000000004,
    "throughput" : 0.7661730411034233,
    "receivedKBytesPerSec" : 0.6576817413378019,
    "sentKBytesPerSec" : 1.4283440776039404
  },
  "003_GET_/Account/Login" : {
    "transaction" : "003_GET_/Account/Login",
    "sampleCount" : 660,
    "errorCount" : 0,
    "errorPct" : 0.0,
    "meanResTime" : 199.62575757575766,
    "medianResTime" : 173.0,
    "minResTime" : 133.0,
    "maxResTime" : 1756.0,
    "pct1ResTime" : 245.0,
    "pct2ResTime" : 309.74999999999966,
    "pct3ResTime" : 854.3599999999997,
    "throughput" : 1.1003282645989387,
    "receivedKBytesPerSec" : 17.805671725919066,
    "sentKBytesPerSec" : 1.4420317686443123
  },
  "View_Certificates_Page" : {
    "transaction" : "View_Certificates_Page",
    "sampleCount" : 517,
    "errorCount" : 0,
    "errorPct" : 0.0,
    "meanResTime" : 103.35009671179887,
    "medianResTime" : 67.0,
    "minResTime" : 52.0,
    "maxResTime" : 2666.0,
    "pct1ResTime" : 134.39999999999998,
    "pct2ResTime" : 193.09999999999997,
    "pct3ResTime" : 1023.6200000000046,
    "throughput" : 0.8686404013555494,
    "receivedKBytesPerSec" : 1.982434197234296,
    "sentKBytesPerSec" : 1.7491567456983819
  },
  "025_GET_api/BaseOrganizationLookup" : {
    "transaction" : "025_GET_api/BaseOrganizationLookup",
    "sampleCount" : 457,
    "errorCount" : 0,
    "errorPct" : 0.0,
    "meanResTime" : 83.54923413566736,
    "medianResTime" : 58.0,
    "minResTime" : 45.0,
    "maxResTime" : 2430.0,
    "pct1ResTime" : 90.19999999999999,
    "pct2ResTime" : 123.79999999999973,
    "pct3ResTime" : 840.7200000000018,
    "throughput" : 0.7661473517622228,
    "receivedKBytesPerSec" : 3.1573650629263477,
    "sentKBytesPerSec" : 1.4193178967704458
  },
  "043_GET_GetLookups" : {
    "transaction" : "043_GET_GetLookups",
    "sampleCount" : 454,
    "errorCount" : 0,
    "errorPct" : 0.0,
    "meanResTime" : 89.52422907488985,
    "medianResTime" : 63.0,
    "minResTime" : 41.0,
    "maxResTime" : 2752.0,
    "pct1ResTime" : 107.5,
    "pct2ResTime" : 166.5,
    "pct3ResTime" : 834.6999999999997,
    "throughput" : 0.7640267914240517,
    "receivedKBytesPerSec" : 1.1743927438490793,
    "sentKBytesPerSec" : 1.4676178698545992
  },
  "020_GET_api/RequestInfo/GetDetail" : {
    "transaction" : "020_GET_api/RequestInfo/GetDetail",
    "sampleCount" : 327,
    "errorCount" : 0,
    "errorPct" : 0.0,
    "meanResTime" : 345.19877675840985,
    "medianResTime" : 126.0,
    "minResTime" : 59.0,
    "maxResTime" : 3114.0,
    "pct1ResTime" : 916.8,
    "pct2ResTime" : 1405.1999999999994,
    "pct3ResTime" : 2265.159999999997,
    "throughput" : 0.5478295395718888,
    "receivedKBytesPerSec" : 1.0776101271400116,
    "sentKBytesPerSec" : 1.072119528615298
  },
  "Certificate_Enquiry_Page" : {
    "transaction" : "Certificate_Enquiry_Page",
    "sampleCount" : 526,
    "errorCount" : 0,
    "errorPct" : 0.0,
    "meanResTime" : 315.494296577947,
    "medianResTime" : 156.0,
    "minResTime" : 113.0,
    "maxResTime" : 3822.0,
    "pct1ResTime" : 624.9000000000001,
    "pct2ResTime" : 1012.249999999999,
    "pct3ResTime" : 2739.450000000014,
    "throughput" : 0.879604545849805,
    "receivedKBytesPerSec" : 19.240516580587496,
    "sentKBytesPerSec" : 2.077034952992997
  },
  "Complete_Request" : {
    "transaction" : "Complete_Request",
    "sampleCount" : 451,
    "errorCount" : 0,
    "errorPct" : 0.0,
    "meanResTime" : 1404.365853658535,
    "medianResTime" : 1278.0,
    "minResTime" : 872.0,
    "maxResTime" : 8599.0,
    "pct1ResTime" : 1833.6,
    "pct2ResTime" : 2330.599999999999,
    "pct3ResTime" : 5272.72000000001,
    "throughput" : 0.7637504720519824,
    "receivedKBytesPerSec" : 0.6205472585422358,
    "sentKBytesPerSec" : 1.739322364087132
  },
  "049_GET_api/app/attachment/attachments-types" : {
    "transaction" : "049_GET_api/app/attachment/attachments-types",
    "sampleCount" : 454,
    "errorCount" : 0,
    "errorPct" : 0.0,
    "meanResTime" : 82.79515418502201,
    "medianResTime" : 56.0,
    "minResTime" : 45.0,
    "maxResTime" : 1809.0,
    "pct1ResTime" : 97.5,
    "pct2ResTime" : 183.5,
    "pct3ResTime" : 764.549999999997,
    "throughput" : 0.7657432769764273,
    "receivedKBytesPerSec" : 0.6550694439759279,
    "sentKBytesPerSec" : 1.4926011531688952
  },
  "050_POST_api/Invoice/Save" : {
    "transaction" : "050_POST_api/Invoice/Save",
    "sampleCount" : 454,
    "errorCount" : 0,
    "errorPct" : 0.0,
    "meanResTime" : 215.37004405286348,
    "medianResTime" : 111.0,
    "minResTime" : 88.0,
    "maxResTime" : 4769.0,
    "pct1ResTime" : 237.5,
    "pct2ResTime" : 745.5,
    "pct3ResTime" : 2866.7999999999975,
    "throughput" : 0.7656967840735069,
    "receivedKBytesPerSec" : 0.3447131029862175,
    "sentKBytesPerSec" : 2.421964730091884
  },
  "039_GET_GetLookups" : {
    "transaction" : "039_GET_GetLookups",
    "sampleCount" : 454,
    "errorCount" : 0,
    "errorPct" : 0.0,
    "meanResTime" : 121.8480176211454,
    "medianResTime" : 64.0,
    "minResTime" : 41.0,
    "maxResTime" : 6729.0,
    "pct1ResTime" : 122.5,
    "pct2ResTime" : 226.25,
    "pct3ResTime" : 1758.4999999999964,
    "throughput" : 0.7640255056620348,
    "receivedKBytesPerSec" : 1.2106711980895997,
    "sentKBytesPerSec" : 1.4676154000363502
  },
  "056_POST_api/RequestSummary" : {
    "transaction" : "056_POST_api/RequestSummary",
    "sampleCount" : 451,
    "errorCount" : 0,
    "errorPct" : 0.0,
    "meanResTime" : 1404.365853658535,
    "medianResTime" : 1278.0,
    "minResTime" : 872.0,
    "maxResTime" : 8599.0,
    "pct1ResTime" : 1833.6,
    "pct2ResTime" : 2330.599999999999,
    "pct3ResTime" : 5272.72000000001,
    "throughput" : 0.7637504720519824,
    "receivedKBytesPerSec" : 0.6205472585422358,
    "sentKBytesPerSec" : 1.739322364087132
  },
  "052_GET_GetLookups" : {
    "transaction" : "052_GET_GetLookups",
    "sampleCount" : 454,
    "errorCount" : 0,
    "errorPct" : 0.0,
    "meanResTime" : 123.11894273127751,
    "medianResTime" : 66.0,
    "minResTime" : 41.0,
    "maxResTime" : 3587.0,
    "pct1ResTime" : 173.0,
    "pct2ResTime" : 362.75,
    "pct3ResTime" : 1711.3499999999967,
    "throughput" : 0.765889249715322,
    "receivedKBytesPerSec" : 1.0717961863691958,
    "sentKBytesPerSec" : 1.4704475243557842
  },
  "007_GET_/Account/Login" : {
    "transaction" : "007_GET_/Account/Login",
    "sampleCount" : 658,
    "errorCount" : 0,
    "errorPct" : 0.0,
    "meanResTime" : 407.0258358662614,
    "medianResTime" : 331.5,
    "minResTime" : 239.0,
    "maxResTime" : 3800.0,
    "pct1ResTime" : 592.6000000000001,
    "pct2ResTime" : 755.049999999999,
    "pct3ResTime" : 1591.8599999999922,
    "throughput" : 1.098818519600885,
    "receivedKBytesPerSec" : 5.018685681334279,
    "sentKBytesPerSec" : 7.740017560430843
  },
  "017_GET_GetCities" : {
    "transaction" : "017_GET_GetCities",
    "sampleCount" : 65,
    "errorCount" : 0,
    "errorPct" : 0.0,
    "meanResTime" : 205.43076923076927,
    "medianResTime" : 60.0,
    "minResTime" : 45.0,
    "maxResTime" : 2908.0,
    "pct1ResTime" : 597.5999999999995,
    "pct2ResTime" : 1101.1,
    "pct3ResTime" : 2908.0,
    "throughput" : 0.11004881088027198,
    "receivedKBytesPerSec" : 0.8159550564889011,
    "sentKBytesPerSec" : 0.21139258886864742
  },
  "037_POST_api/ShippingInfo" : {
    "transaction" : "037_POST_api/ShippingInfo",
    "sampleCount" : 454,
    "errorCount" : 0,
    "errorPct" : 0.0,
    "meanResTime" : 171.4361233480178,
    "medianResTime" : 102.0,
    "minResTime" : 78.0,
    "maxResTime" : 7364.0,
    "pct1ResTime" : 173.5,
    "pct2ResTime" : 273.25,
    "pct3ResTime" : 2373.599999999995,
    "throughput" : 0.7639946486718442,
    "receivedKBytesPerSec" : 0.34469289813124215,
    "sentKBytesPerSec" : 1.7540541201440483
  },
  "008_GET_/connect/authorize-0" : {
    "transaction" : "008_GET_/connect/authorize-0",
    "sampleCount" : 658,
    "errorCount" : 0,
    "errorPct" : 0.0,
    "meanResTime" : 232.46048632218825,
    "medianResTime" : 204.0,
    "minResTime" : 150.0,
    "maxResTime" : 1754.0,
    "pct1ResTime" : 301.1,
    "pct2ResTime" : 351.2999999999997,
    "pct3ResTime" : 997.709999999999,
    "throughput" : 1.0991452391810197,
    "receivedKBytesPerSec" : 1.0146953646096948,
    "sentKBytesPerSec" : 3.118774372668701
  },
  "008_GET_/connect/authorize-1" : {
    "transaction" : "008_GET_/connect/authorize-1",
    "sampleCount" : 658,
    "errorCount" : 0,
    "errorPct" : 0.0,
    "meanResTime" : 28.630699088145896,
    "medianResTime" : 7.0,
    "minResTime" : 5.0,
    "maxResTime" : 424.0,
    "pct1ResTime" : 88.10000000000002,
    "pct2ResTime" : 151.04999999999995,
    "pct3ResTime" : 298.81999999999994,
    "throughput" : 1.0993435682553685,
    "receivedKBytesPerSec" : 3.212144488496155,
    "sentKBytesPerSec" : 1.3935038589799496
  },
  "023_GET_GetLookups" : {
    "transaction" : "023_GET_GetLookups",
    "sampleCount" : 457,
    "errorCount" : 0,
    "errorPct" : 0.0,
    "meanResTime" : 104.70021881838086,
    "medianResTime" : 61.0,
    "minResTime" : 41.0,
    "maxResTime" : 4761.0,
    "pct1ResTime" : 102.39999999999998,
    "pct2ResTime" : 195.99999999999932,
    "pct3ResTime" : 1307.060000000011,
    "throughput" : 0.7662385567217732,
    "receivedKBytesPerSec" : 1.108461148917709,
    "sentKBytesPerSec" : 1.4075143800719292
  },
  "021_POST_api/CooCertificateRequest/List" : {
    "transaction" : "021_POST_api/CooCertificateRequest/List",
    "sampleCount" : 458,
    "errorCount" : 0,
    "errorPct" : 0.0,
    "meanResTime" : 211.61353711790375,
    "medianResTime" : 120.0,
    "minResTime" : 66.0,
    "maxResTime" : 5554.0,
    "pct1ResTime" : 289.60000000000014,
    "pct2ResTime" : 701.8999999999992,
    "pct3ResTime" : 2100.919999999987,
    "throughput" : 0.7667363648995459,
    "receivedKBytesPerSec" : 4.438128884951041,
    "sentKBytesPerSec" : 1.5641721350343274
  },
  "048_GET_api/BaseOrganizationLookup" : {
    "transaction" : "048_GET_api/BaseOrganizationLookup",
    "sampleCount" : 454,
    "errorCount" : 0,
    "errorPct" : 0.0,
    "meanResTime" : 95.45374449339202,
    "medianResTime" : 61.0,
    "minResTime" : 48.0,
    "maxResTime" : 2409.0,
    "pct1ResTime" : 103.0,
    "pct2ResTime" : 238.75,
    "pct3ResTime" : 843.8999999999995,
    "throughput" : 0.7657226127669909,
    "receivedKBytesPerSec" : 2.828848096087225,
    "sentKBytesPerSec" : 1.4828397862470146
  },
  "053_GET_api/RequestInfo" : {
    "transaction" : "053_GET_api/RequestInfo",
    "sampleCount" : 452,
    "errorCount" : 0,
    "errorPct" : 0.0,
    "meanResTime" : 291.59070796460156,
    "medianResTime" : 78.0,
    "minResTime" : 57.0,
    "maxResTime" : 3347.0,
    "pct1ResTime" : 666.8,
    "pct2ResTime" : 1316.6499999999987,
    "pct3ResTime" : 2567.6799999999985,
    "throughput" : 0.7625062839289991,
    "receivedKBytesPerSec" : 1.0826993523757469,
    "sentKBytesPerSec" : 1.466931034511844
  },
  "042_GET_api/app/attachment/attachments-types" : {
    "transaction" : "042_GET_api/app/attachment/attachments-types",
    "sampleCount" : 454,
    "errorCount" : 0,
    "errorPct" : 0.0,
    "meanResTime" : 89.57488986784142,
    "medianResTime" : 57.0,
    "minResTime" : 45.0,
    "maxResTime" : 2976.0,
    "pct1ResTime" : 94.0,
    "pct2ResTime" : 193.0,
    "pct3ResTime" : 964.5999999999983,
    "throughput" : 0.7640255056620348,
    "receivedKBytesPerSec" : 0.6483771136917073,
    "sentKBytesPerSec" : 1.4885067224567963
  },
  "031_GET_api/app/attachment/attachments-types" : {
    "transaction" : "031_GET_api/app/attachment/attachments-types",
    "sampleCount" : 456,
    "errorCount" : 0,
    "errorPct" : 0.0,
    "meanResTime" : 110.42543859649125,
    "medianResTime" : 54.0,
    "minResTime" : 45.0,
    "maxResTime" : 7012.0,
    "pct1ResTime" : 71.30000000000001,
    "pct2ResTime" : 104.14999999999998,
    "pct3ResTime" : 2069.640000000002,
    "throughput" : 0.7661058637339597,
    "receivedKBytesPerSec" : 0.6576240763888189,
    "sentKBytesPerSec" : 1.4925597638176267
  },
  "041_GET_api/app/attachment/attachments-types" : {
    "transaction" : "041_GET_api/app/attachment/attachments-types",
    "sampleCount" : 454,
    "errorCount" : 0,
    "errorPct" : 0.0,
    "meanResTime" : 89.10132158590307,
    "medianResTime" : 57.0,
    "minResTime" : 46.0,
    "maxResTime" : 3952.0,
    "pct1ResTime" : 99.5,
    "pct2ResTime" : 174.0,
    "pct3ResTime" : 788.6499999999992,
    "throughput" : 0.7640345060870326,
    "receivedKBytesPerSec" : 0.696883035825477,
    "sentKBytesPerSec" : 1.4885242574644824
  },
  "Login" : {
    "transaction" : "Login",
    "sampleCount" : 657,
    "errorCount" : 0,
    "errorPct" : 0.0,
    "meanResTime" : 2269.404870624049,
    "medianResTime" : 2092.0,
    "minResTime" : 1628.0,
    "maxResTime" : 6423.0,
    "pct1ResTime" : 3000.2000000000007,
    "pct2ResTime" : 3478.7000000000007,
    "pct3ResTime" : 4808.419999999979,
    "throughput" : 1.0955203721767839,
    "receivedKBytesPerSec" : 79.89938287092619,
    "sentKBytesPerSec" : 24.954675736599885
  },
  "Print_Certificate" : {
    "transaction" : "Print_Certificate",
    "sampleCount" : 517,
    "errorCount" : 0,
    "errorPct" : 0.0,
    "meanResTime" : 1533.473887814314,
    "medianResTime" : 1280.0,
    "minResTime" : 705.0,
    "maxResTime" : 9469.0,
    "pct1ResTime" : 2297.3999999999996,
    "pct2ResTime" : 3492.4999999999995,
    "pct3ResTime" : 6379.700000000004,
    "throughput" : 0.8671295830398175,
    "receivedKBytesPerSec" : 1109.443705959524,
    "sentKBytesPerSec" : 5.289998540282949
  },
  "063_POST_/api/app/attachment/upload" : {
    "transaction" : "063_POST_/api/app/attachment/upload",
    "sampleCount" : 646,
    "errorCount" : 0,
    "errorPct" : 0.0,
    "meanResTime" : 535.6981424148605,
    "medianResTime" : 329.5,
    "minResTime" : 227.0,
    "maxResTime" : 8182.0,
    "pct1ResTime" : 1002.3000000000014,
    "pct2ResTime" : 1421.7999999999988,
    "pct3ResTime" : 4171.429999999999,
    "throughput" : 1.0850249757297046,
    "receivedKBytesPerSec" : 0.46728126396171843,
    "sentKBytesPerSec" : 16.69051924785598
  },
  "066_GET_GetLookups" : {
    "transaction" : "066_GET_GetLookups",
    "sampleCount" : 641,
    "errorCount" : 0,
    "errorPct" : 0.0,
    "meanResTime" : 59.50546021840874,
    "medianResTime" : 30.0,
    "minResTime" : 7.0,
    "maxResTime" : 552.0,
    "pct1ResTime" : 156.0,
    "pct2ResTime" : 240.79999999999995,
    "pct3ResTime" : 429.2800000000027,
    "throughput" : 1.0803267609241933,
    "receivedKBytesPerSec" : 21.099077042698188,
    "sentKBytesPerSec" : 2.11317822473746
  },
  "008_GET_/connect/authorize" : {
    "transaction" : "008_GET_/connect/authorize",
    "sampleCount" : 658,
    "errorCount" : 0,
    "errorPct" : 0.0,
    "meanResTime" : 261.2841945288756,
    "medianResTime" : 222.0,
    "minResTime" : 156.0,
    "maxResTime" : 1759.0,
    "pct1ResTime" : 363.1,
    "pct2ResTime" : 477.3499999999997,
    "pct3ResTime" : 1005.119999999999,
    "throughput" : 1.0990332516017824,
    "receivedKBytesPerSec" : 4.225829763319515,
    "sentKBytesPerSec" : 4.51156712140977
  },
  "011_GET_certificate-enquiry" : {
    "transaction" : "011_GET_certificate-enquiry",
    "sampleCount" : 526,
    "errorCount" : 0,
    "errorPct" : 0.0,
    "meanResTime" : 40.055133079847934,
    "medianResTime" : 19.0,
    "minResTime" : 6.0,
    "maxResTime" : 528.0,
    "pct1ResTime" : 91.20000000000005,
    "pct2ResTime" : 160.64999999999998,
    "pct3ResTime" : 312.73,
    "throughput" : 0.8797649054085471,
    "receivedKBytesPerSec" : 17.182049163345248,
    "sentKBytesPerSec" : 0.2156454992749466
  },
  "009_POST_/connect/token" : {
    "transaction" : "009_POST_/connect/token",
    "sampleCount" : 657,
    "errorCount" : 0,
    "errorPct" : 0.0,
    "meanResTime" : 174.11111111111143,
    "medianResTime" : 148.0,
    "minResTime" : 109.0,
    "maxResTime" : 1733.0,
    "pct1ResTime" : 212.4000000000001,
    "pct2ResTime" : 275.1,
    "pct3ResTime" : 841.6599999999991,
    "throughput" : 1.0985428005317148,
    "receivedKBytesPerSec" : 7.6211406786887705,
    "sentKBytesPerSec" : 2.4309158755737252
  },
  "Start_Cert_Request" : {
    "transaction" : "Start_Cert_Request",
    "sampleCount" : 457,
    "errorCount" : 0,
    "errorPct" : 0.0,
    "meanResTime" : 1309.90590809628,
    "medianResTime" : 1055.0,
    "minResTime" : 512.0,
    "maxResTime" : 10429.0,
    "pct1ResTime" : 2181.7999999999997,
    "pct2ResTime" : 2936.7999999999965,
    "pct3ResTime" : 4737.400000000021,
    "throughput" : 0.7652967241281144,
    "receivedKBytesPerSec" : 646.6481678747233,
    "sentKBytesPerSec" : 8.644714070302635
  },
  "064_GET_api/app/attachment/attachments-types" : {
    "transaction" : "064_GET_api/app/attachment/attachments-types",
    "sampleCount" : 646,
    "errorCount" : 0,
    "errorPct" : 0.0,
    "meanResTime" : 94.22291021671835,
    "medianResTime" : 56.0,
    "minResTime" : 44.0,
    "maxResTime" : 4018.0,
    "pct1ResTime" : 90.9000000000002,
    "pct2ResTime" : 213.89999999999986,
    "pct3ResTime" : 1025.6199999999985,
    "throughput" : 1.0859862385706673,
    "receivedKBytesPerSec" : 0.9406931578243963,
    "sentKBytesPerSec" : 2.116824738463918
  },
  "036_GET_api/app/attachment/attachments-types" : {
    "transaction" : "036_GET_api/app/attachment/attachments-types",
    "sampleCount" : 454,
    "errorCount" : 0,
    "errorPct" : 0.0,
    "meanResTime" : 136.94493392070478,
    "medianResTime" : 58.0,
    "minResTime" : 45.0,
    "maxResTime" : 4275.0,
    "pct1ResTime" : 172.0,
    "pct2ResTime" : 423.75,
    "pct3ResTime" : 2384.7999999999984,
    "throughput" : 0.7641000870131597,
    "receivedKBytesPerSec" : 0.6529175548208151,
    "sentKBytesPerSec" : 1.4886520249914585
  },
  "055_GET_api/app/attachment/attachments-types" : {
    "transaction" : "055_GET_api/app/attachment/attachments-types",
    "sampleCount" : 451,
    "errorCount" : 0,
    "errorPct" : 0.0,
    "meanResTime" : 93.92461197339252,
    "medianResTime" : 57.0,
    "minResTime" : 45.0,
    "maxResTime" : 1704.0,
    "pct1ResTime" : 132.60000000000002,
    "pct2ResTime" : 259.3999999999995,
    "pct3ResTime" : 923.9200000000019,
    "throughput" : 0.7651317095349662,
    "receivedKBytesPerSec" : 0.6552934660763333,
    "sentKBytesPerSec" : 1.490661875510017
  },
  "014_GET_api/app/attachment/attachments-types" : {
    "transaction" : "014_GET_api/app/attachment/attachments-types",
    "sampleCount" : 654,
    "errorCount" : 0,
    "errorPct" : 0.0,
    "meanResTime" : 99.70489296636082,
    "medianResTime" : 56.0,
    "minResTime" : 43.0,
    "maxResTime" : 3253.0,
    "pct1ResTime" : 97.0,
    "pct2ResTime" : 188.75,
    "pct3ResTime" : 1055.2000000000044,
    "throughput" : 1.0946907498631637,
    "receivedKBytesPerSec" : 0.8990575396825398,
    "sentKBytesPerSec" : 2.039716748768473
  },
  "061_GET_api/app/attachment/attachments-types" : {
    "transaction" : "061_GET_api/app/attachment/attachments-types",
    "sampleCount" : 646,
    "errorCount" : 0,
    "errorPct" : 0.0,
    "meanResTime" : 81.36532507739939,
    "medianResTime" : 56.0,
    "minResTime" : 44.0,
    "maxResTime" : 2387.0,
    "pct1ResTime" : 84.0,
    "pct2ResTime" : 158.5999999999999,
    "pct3ResTime" : 862.5699999999954,
    "throughput" : 1.0854643552660983,
    "receivedKBytesPerSec" : 0.9402410967978803,
    "sentKBytesPerSec" : 2.1158074737413406
  },
  "033_POST_api/RequestInfo/Save" : {
    "transaction" : "033_POST_api/RequestInfo/Save",
    "sampleCount" : 456,
    "errorCount" : 0,
    "errorPct" : 0.0,
    "meanResTime" : 637.2324561403506,
    "medianResTime" : 321.0,
    "minResTime" : 237.0,
    "maxResTime" : 7468.0,
    "pct1ResTime" : 1238.8000000000002,
    "pct2ResTime" : 2303.0999999999995,
    "pct3ResTime" : 5092.810000000004,
    "throughput" : 0.7650993874171352,
    "receivedKBytesPerSec" : 0.3451913251823403,
    "sentKBytesPerSec" : 2.4955390175519843
  },
  "Certificate_Enquiry" : {
    "transaction" : "Certificate_Enquiry",
    "sampleCount" : 526,
    "errorCount" : 1,
    "errorPct" : 0.19011407,
    "meanResTime" : 195.39163498098878,
    "medianResTime" : 127.0,
    "minResTime" : 83.0,
    "maxResTime" : 3800.0,
    "pct1ResTime" : 251.20000000000005,
    "pct2ResTime" : 456.65,
    "pct3ResTime" : 1981.6300000000024,
    "throughput" : 0.8796016040187425,
    "receivedKBytesPerSec" : 0.7945358669677824,
    "sentKBytesPerSec" : 0.40286440652811545
  },
  "016_GET_api/app/attachment/attachments-types" : {
    "transaction" : "016_GET_api/app/attachment/attachments-types",
    "sampleCount" : 654,
    "errorCount" : 0,
    "errorPct" : 0.0,
    "meanResTime" : 92.53058103975545,
    "medianResTime" : 56.0,
    "minResTime" : 44.0,
    "maxResTime" : 3550.0,
    "pct1ResTime" : 92.0,
    "pct2ResTime" : 175.25,
    "pct3ResTime" : 870.4500000000037,
    "throughput" : 1.0946596010350726,
    "receivedKBytesPerSec" : 0.8990319574907187,
    "sentKBytesPerSec" : 2.131593012171811
  },
  "024_GET_api/BaseOrganizationLookup" : {
    "transaction" : "024_GET_api/BaseOrganizationLookup",
    "sampleCount" : 457,
    "errorCount" : 0,
    "errorPct" : 0.0,
    "meanResTime" : 699.2844638949674,
    "medianResTime" : 536.0,
    "minResTime" : 193.0,
    "maxResTime" : 4959.0,
    "pct1ResTime" : 1286.4,
    "pct2ResTime" : 1533.7999999999997,
    "pct3ResTime" : 2745.420000000017,
    "throughput" : 0.7657262922259512,
    "receivedKBytesPerSec" : 635.162848132139,
    "sentKBytesPerSec" : 1.418537867531865
  },
  "Submit_Invoices" : {
    "transaction" : "Submit_Invoices",
    "sampleCount" : 451,
    "errorCount" : 0,
    "errorPct" : 0.0,
    "meanResTime" : 1260.90243902439,
    "medianResTime" : 846.0,
    "minResTime" : 376.0,
    "maxResTime" : 5974.0,
    "pct1ResTime" : 2866.8,
    "pct2ResTime" : 3568.199999999997,
    "pct3ResTime" : 5182.520000000002,
    "throughput" : 0.7639419404125286,
    "receivedKBytesPerSec" : 3.9980125572956453,
    "sentKBytesPerSec" : 9.826054001145913
  },
  "007_GET_/Account/Login-2" : {
    "transaction" : "007_GET_/Account/Login-2",
    "sampleCount" : 658,
    "errorCount" : 0,
    "errorPct" : 0.0,
    "meanResTime" : 36.54559270516722,
    "medianResTime" : 7.0,
    "minResTime" : 4.0,
    "maxResTime" : 537.0,
    "pct1ResTime" : 115.10000000000002,
    "pct2ResTime" : 202.24999999999977,
    "pct3ResTime" : 348.6399999999999,
    "throughput" : 1.0994648045943594,
    "receivedKBytesPerSec" : 3.212498725924144,
    "sentKBytesPerSec" : 1.3936575355112095
  },
  "007_GET_/Account/Login-1" : {
    "transaction" : "007_GET_/Account/Login-1",
    "sampleCount" : 658,
    "errorCount" : 0,
    "errorPct" : 0.0,
    "meanResTime" : 232.56382978723417,
    "medianResTime" : 203.0,
    "minResTime" : 149.0,
    "maxResTime" : 1919.0,
    "pct1ResTime" : 298.0,
    "pct2ResTime" : 353.0,
    "pct3ResTime" : 1091.059999999998,
    "throughput" : 1.0990883246085543,
    "receivedKBytesPerSec" : 0.9981563023027403,
    "sentKBytesPerSec" : 3.116945795569572
  },
  "065_POST_api/Legalization/New" : {
    "transaction" : "065_POST_api/Legalization/New",
    "sampleCount" : 646,
    "errorCount" : 4,
    "errorPct" : 0.61919504,
    "meanResTime" : 1213.575851393188,
    "medianResTime" : 882.0,
    "minResTime" : 50.0,
    "maxResTime" : 6067.0,
    "pct1ResTime" : 2402.9000000000015,
    "pct2ResTime" : 3084.65,
    "pct3ResTime" : 4508.799999999998,
    "throughput" : 1.0850304429981106,
    "receivedKBytesPerSec" : 0.8825287371404577,
    "sentKBytesPerSec" : 2.759434705017846
  },
  "007_GET_/Account/Login-0" : {
    "transaction" : "007_GET_/Account/Login-0",
    "sampleCount" : 658,
    "errorCount" : 0,
    "errorPct" : 0.0,
    "meanResTime" : 137.55015197568406,
    "medianResTime" : 103.0,
    "minResTime" : 79.0,
    "maxResTime" : 2446.0,
    "pct1ResTime" : 189.20000000000005,
    "pct2ResTime" : 278.0,
    "pct3ResTime" : 998.5999999999981,
    "throughput" : 1.0991323869881433,
    "receivedKBytesPerSec" : 0.8103954611094222,
    "sentKBytesPerSec" : 3.2319215011926756
  },
  "Add_Product" : {
    "transaction" : "Add_Product",
    "sampleCount" : 454,
    "errorCount" : 0,
    "errorPct" : 0.0,
    "meanResTime" : 709.2555066079299,
    "medianResTime" : 509.0,
    "minResTime" : 397.0,
    "maxResTime" : 8081.0,
    "pct1ResTime" : 1121.0,
    "pct2ResTime" : 1657.25,
    "pct3ResTime" : 3617.849999999997,
    "throughput" : 0.7635012755852809,
    "receivedKBytesPerSec" : 12.465821650979013,
    "sentKBytesPerSec" : 11.820848850711956
  },
  "030_GET_api/BaseOrganizationLookup" : {
    "transaction" : "030_GET_api/BaseOrganizationLookup",
    "sampleCount" : 456,
    "errorCount" : 0,
    "errorPct" : 0.0,
    "meanResTime" : 516.5307017543857,
    "medianResTime" : 388.0,
    "minResTime" : 203.0,
    "maxResTime" : 3599.0,
    "pct1ResTime" : 828.9000000000001,
    "pct2ResTime" : 1266.4499999999994,
    "pct3ResTime" : 2781.1000000000004,
    "throughput" : 0.765626075612291,
    "receivedKBytesPerSec" : 638.8971239544,
    "sentKBytesPerSec" : 1.4826528397843486
  },
  "059_GET_/api/CooCertificateRequest/print-certifications" : {
    "transaction" : "059_GET_/api/CooCertificateRequest/print-certifications",
    "sampleCount" : 517,
    "errorCount" : 0,
    "errorPct" : 0.0,
    "meanResTime" : 510.6402321083175,
    "medianResTime" : 361.0,
    "minResTime" : 203.0,
    "maxResTime" : 6158.0,
    "pct1ResTime" : 814.7999999999997,
    "pct2ResTime" : 1213.2999999999993,
    "pct3ResTime" : 3495.600000000019,
    "throughput" : 0.8682465282734322,
    "receivedKBytesPerSec" : 317.79977117998817,
    "sentKBytesPerSec" : 1.758538378553807
  },
  "062_GET_/api/Organization/GetRecentOrganizations" : {
    "transaction" : "062_GET_/api/Organization/GetRecentOrganizations",
    "sampleCount" : 646,
    "errorCount" : 0,
    "errorPct" : 0.0,
    "meanResTime" : 141.50154798761614,
    "medianResTime" : 63.0,
    "minResTime" : 50.0,
    "maxResTime" : 3700.0,
    "pct1ResTime" : 206.30000000000211,
    "pct2ResTime" : 535.65,
    "pct3ResTime" : 1665.3699999999965,
    "throughput" : 1.0854461166736957,
    "receivedKBytesPerSec" : 2.103051851055285,
    "sentKBytesPerSec" : 2.1041118570285997
  },
  "046_GET_api/app/attachment/attachments-types" : {
    "transaction" : "046_GET_api/app/attachment/attachments-types",
    "sampleCount" : 454,
    "errorCount" : 0,
    "errorPct" : 0.0,
    "meanResTime" : 80.19823788546258,
    "medianResTime" : 55.5,
    "minResTime" : 45.0,
    "maxResTime" : 1661.0,
    "pct1ResTime" : 96.0,
    "pct2ResTime" : 176.75,
    "pct3ResTime" : 753.1999999999994,
    "throughput" : 0.7657226127669909,
    "receivedKBytesPerSec" : 0.6550517663905118,
    "sentKBytesPerSec" : 1.492560874104408
  },
  "Invoices" : {
    "transaction" : "Invoices",
    "sampleCount" : 454,
    "errorCount" : 0,
    "errorPct" : 0.0,
    "meanResTime" : 456.0066079295156,
    "medianResTime" : 251.5,
    "minResTime" : 198.0,
    "maxResTime" : 7994.0,
    "pct1ResTime" : 883.5,
    "pct2ResTime" : 1456.5,
    "pct3ResTime" : 4103.049999999999,
    "throughput" : 0.763813414178665,
    "receivedKBytesPerSec" : 2.726773274227522,
    "sentKBytesPerSec" : 5.997874671299459
  },
  "047_GET_GetLookups" : {
    "transaction" : "047_GET_GetLookups",
    "sampleCount" : 454,
    "errorCount" : 0,
    "errorPct" : 0.0,
    "meanResTime" : 80.08370044052863,
    "medianResTime" : 61.0,
    "minResTime" : 41.0,
    "maxResTime" : 1033.0,
    "pct1ResTime" : 106.0,
    "pct2ResTime" : 147.0,
    "pct3ResTime" : 805.6999999999995,
    "throughput" : 0.7657058239180189,
    "receivedKBytesPerSec" : 1.853696032707782,
    "sentKBytesPerSec" : 1.4708431207487724
  },
  "Home_Page" : {
    "transaction" : "Home_Page",
    "sampleCount" : 654,
    "errorCount" : 0,
    "errorPct" : 0.0,
    "meanResTime" : 1174.1269113149858,
    "medianResTime" : 928.0,
    "minResTime" : 299.0,
    "maxResTime" : 7006.0,
    "pct1ResTime" : 2293.5,
    "pct2ResTime" : 3100.5,
    "pct3ResTime" : 4363.450000000008,
    "throughput" : 1.0938466942079645,
    "receivedKBytesPerSec" : 361.23161046032715,
    "sentKBytesPerSec" : 8.429209778345514
  },
  "018_POST_api/Organization/New" : {
    "transaction" : "018_POST_api/Organization/New",
    "sampleCount" : 65,
    "errorCount" : 0,
    "errorPct" : 0.0,
    "meanResTime" : 1158.1846153846154,
    "medianResTime" : 877.0,
    "minResTime" : 617.0,
    "maxResTime" : 4485.0,
    "pct1ResTime" : 2077.7999999999993,
    "pct2ResTime" : 3264.6999999999985,
    "pct3ResTime" : 4485.0,
    "throughput" : 0.10994382716153793,
    "receivedKBytesPerSec" : 0.06044763153510337,
    "sentKBytesPerSec" : 0.36074162027178114
  },
  "060_GET_/api/CooCertificateRequest/print-certifications" : {
    "transaction" : "060_GET_/api/CooCertificateRequest/print-certifications",
    "sampleCount" : 517,
    "errorCount" : 0,
    "errorPct" : 0.0,
    "meanResTime" : 681.2379110251447,
    "medianResTime" : 525.0,
    "minResTime" : 327.0,
    "maxResTime" : 8369.0,
    "pct1ResTime" : 972.2,
    "pct2ResTime" : 1364.1999999999994,
    "pct3ResTime" : 3355.940000000006,
    "throughput" : 0.8682538189732772,
    "receivedKBytesPerSec" : 633.934473956479,
    "sentKBytesPerSec" : 1.8009483510734776
  },
  "006_POST_/Account/Login" : {
    "transaction" : "006_POST_/Account/Login",
    "sampleCount" : 659,
    "errorCount" : 0,
    "errorPct" : 0.0,
    "meanResTime" : 406.6843702579666,
    "medianResTime" : 348.0,
    "minResTime" : 291.0,
    "maxResTime" : 3085.0,
    "pct1ResTime" : 457.0,
    "pct2ResTime" : 885.0,
    "pct3ResTime" : 1358.3999999999992,
    "throughput" : 1.099733660861497,
    "receivedKBytesPerSec" : 2.2123548255612144,
    "sentKBytesPerSec" : 2.8492123068999526
  },
  "Create_Org" : {
    "transaction" : "Create_Org",
    "sampleCount" : 65,
    "errorCount" : 0,
    "errorPct" : 0.0,
    "meanResTime" : 1363.6307692307691,
    "medianResTime" : 979.0,
    "minResTime" : 678.0,
    "maxResTime" : 4757.0,
    "pct1ResTime" : 2801.3999999999996,
    "pct2ResTime" : 4074.9999999999964,
    "pct3ResTime" : 4757.0,
    "throughput" : 0.10993397196514586,
    "receivedKBytesPerSec" : 0.875545798387015,
    "sentKBytesPerSec" : 0.5718812789210911
  },
  "026_GET_api/BaseOrganizationLookup" : {
    "transaction" : "026_GET_api/BaseOrganizationLookup",
    "sampleCount" : 457,
    "errorCount" : 0,
    "errorPct" : 0.0,
    "meanResTime" : 98.1378555798688,
    "medianResTime" : 55.0,
    "minResTime" : 44.0,
    "maxResTime" : 5966.0,
    "pct1ResTime" : 78.0,
    "pct2ResTime" : 145.5999999999991,
    "pct3ResTime" : 1209.760000000003,
    "throughput" : 0.7661627651602152,
    "receivedKBytesPerSec" : 1.358741778838819,
    "sentKBytesPerSec" : 1.4193464506923126
  },
  "038_POST_api/Invoice/get" : {
    "transaction" : "038_POST_api/Invoice/get",
    "sampleCount" : 454,
    "errorCount" : 0,
    "errorPct" : 0.0,
    "meanResTime" : 153.7775330396477,
    "medianResTime" : 66.0,
    "minResTime" : 51.0,
    "maxResTime" : 4349.0,
    "pct1ResTime" : 178.5,
    "pct2ResTime" : 496.0,
    "pct3ResTime" : 2643.8999999999983,
    "throughput" : 0.764037077675981,
    "receivedKBytesPerSec" : 0.3424736510285891,
    "sentKBytesPerSec" : 1.5541887039053401
  },
  "034_GET_api/ShippingInfo" : {
    "transaction" : "034_GET_api/ShippingInfo",
    "sampleCount" : 455,
    "errorCount" : 0,
    "errorPct" : 0.0,
    "meanResTime" : 367.22197802197786,
    "medianResTime" : 119.0,
    "minResTime" : 60.0,
    "maxResTime" : 4622.0,
    "pct1ResTime" : 978.600000000001,
    "pct2ResTime" : 1519.0,
    "pct3ResTime" : 3052.6,
    "throughput" : 0.764134386887118,
    "receivedKBytesPerSec" : 0.5813092650244774,
    "sentKBytesPerSec" : 1.5014046742352356
  },
  "057_GET_/api/CooCertificateRequest/get-certifications" : {
    "transaction" : "057_GET_/api/CooCertificateRequest/get-certifications",
    "sampleCount" : 517,
    "errorCount" : 0,
    "errorPct" : 0.0,
    "meanResTime" : 103.34816247582212,
    "medianResTime" : 67.0,
    "minResTime" : 52.0,
    "maxResTime" : 2666.0,
    "pct1ResTime" : 134.39999999999998,
    "pct2ResTime" : 193.09999999999997,
    "pct3ResTime" : 1023.6200000000046,
    "throughput" : 0.8686404013555494,
    "receivedKBytesPerSec" : 1.982434197234296,
    "sentKBytesPerSec" : 1.7491567456983819
  },
  "035_GET_GetLookups" : {
    "transaction" : "035_GET_GetLookups",
    "sampleCount" : 455,
    "errorCount" : 0,
    "errorPct" : 0.0,
    "meanResTime" : 104.6769230769231,
    "medianResTime" : 63.0,
    "minResTime" : 41.0,
    "maxResTime" : 2592.0,
    "pct1ResTime" : 123.60000000000014,
    "pct2ResTime" : 209.59999999999974,
    "pct3ResTime" : 1331.519999999999,
    "throughput" : 0.7641613371311872,
    "receivedKBytesPerSec" : 1.2768359842104116,
    "sentKBytesPerSec" : 1.4671300671874161
  },
  "005_GET_/Abp/ApplicationConfigurationScript" : {
    "transaction" : "005_GET_/Abp/ApplicationConfigurationScript",
    "sampleCount" : 659,
    "errorCount" : 0,
    "errorPct" : 0.0,
    "meanResTime" : 53.82549317147198,
    "medianResTime" : 35.0,
    "minResTime" : 26.0,
    "maxResTime" : 605.0,
    "pct1ResTime" : 86.0,
    "pct2ResTime" : 147.0,
    "pct3ResTime" : 399.9999999999993,
    "throughput" : 1.100321247053009,
    "receivedKBytesPerSec" : 5.89703418342472,
    "sentKBytesPerSec" : 1.3453146497171555
  },
  "019_POST_api/CooCertificateRequest/List" : {
    "transaction" : "019_POST_api/CooCertificateRequest/List",
    "sampleCount" : 653,
    "errorCount" : 0,
    "errorPct" : 0.0,
    "meanResTime" : 267.5895865237361,
    "medianResTime" : 124.0,
    "minResTime" : 64.0,
    "maxResTime" : 4976.0,
    "pct1ResTime" : 520.8000000000006,
    "pct2ResTime" : 989.9999999999968,
    "pct3ResTime" : 2592.9400000000032,
    "throughput" : 1.093707080790283,
    "receivedKBytesPerSec" : 6.3303642574264885,
    "sentKBytesPerSec" : 2.2312051677450206
  },
  "022_GET_api/Organization/GetCurrentOrganizationDetails" : {
    "transaction" : "022_GET_api/Organization/GetCurrentOrganizationDetails",
    "sampleCount" : 457,
    "errorCount" : 0,
    "errorPct" : 0.0,
    "meanResTime" : 112.38512035010933,
    "medianResTime" : 75.0,
    "minResTime" : 59.0,
    "maxResTime" : 1858.0,
    "pct1ResTime" : 136.59999999999997,
    "pct2ResTime" : 218.2999999999999,
    "pct3ResTime" : 1051.0400000000002,
    "throughput" : 0.7662398414537431,
    "receivedKBytesPerSec" : 1.7958746284072105,
    "sentKBytesPerSec" : 1.4262237673933928
  },
  "040_GET_api/Invoice/ProducerByCerReqIdAsync" : {
    "transaction" : "040_GET_api/Invoice/ProducerByCerReqIdAsync",
    "sampleCount" : 454,
    "errorCount" : 0,
    "errorPct" : 0.0,
    "meanResTime" : 91.2797356828194,
    "medianResTime" : 56.0,
    "minResTime" : 45.0,
    "maxResTime" : 4261.0,
    "pct1ResTime" : 103.5,
    "pct2ResTime" : 167.5,
    "pct3ResTime" : 900.3499999999988,
    "throughput" : 0.7640242199043454,
    "receivedKBytesPerSec" : 0.47751513744021595,
    "sentKBytesPerSec" : 1.4892503348916735
  },
  "002_GET_/connect/authorize" : {
    "transaction" : "002_GET_/connect/authorize",
    "sampleCount" : 661,
    "errorCount" : 0,
    "errorPct" : 0.0,
    "meanResTime" : 306.8714069591526,
    "medianResTime" : 227.0,
    "minResTime" : 175.0,
    "maxResTime" : 2139.0,
    "pct1ResTime" : 554.0000000000003,
    "pct2ResTime" : 726.6999999999999,
    "pct3ResTime" : 1146.2399999999996,
    "throughput" : 1.1013307607846272,
    "receivedKBytesPerSec" : 19.270099182249414,
    "sentKBytesPerSec" : 2.230624997917302
  },
  "View_Certificate" : {
    "transaction" : "View_Certificate",
    "sampleCount" : 327,
    "errorCount" : 0,
    "errorPct" : 0.0,
    "meanResTime" : 345.19877675840985,
    "medianResTime" : 126.0,
    "minResTime" : 59.0,
    "maxResTime" : 3114.0,
    "pct1ResTime" : 916.8,
    "pct2ResTime" : 1405.1999999999994,
    "pct3ResTime" : 2265.159999999997,
    "throughput" : 0.5478295395718888,
    "receivedKBytesPerSec" : 1.0776101271400116,
    "sentKBytesPerSec" : 1.072119528615298
  },
  "Fill_Shipping_Info" : {
    "transaction" : "Fill_Shipping_Info",
    "sampleCount" : 454,
    "errorCount" : 0,
    "errorPct" : 0.0,
    "meanResTime" : 779.5044052863436,
    "medianResTime" : 464.5,
    "minResTime" : 240.0,
    "maxResTime" : 7783.0,
    "pct1ResTime" : 1788.0,
    "pct2ResTime" : 2456.75,
    "pct3ResTime" : 4138.549999999992,
    "throughput" : 0.763759446055704,
    "receivedKBytesPerSec" : 2.854401757866386,
    "sentKBytesPerSec" : 6.20852893453875
  },
  "010_POST_api/app/captcha/generate" : {
    "transaction" : "010_POST_api/app/captcha/generate",
    "sampleCount" : 526,
    "errorCount" : 0,
    "errorPct" : 0.0,
    "meanResTime" : 275.4391634980991,
    "medianResTime" : 124.0,
    "minResTime" : 102.0,
    "maxResTime" : 3815.0,
    "pct1ResTime" : 553.9000000000001,
    "pct2ResTime" : 896.7499999999997,
    "pct3ResTime" : 2721.1100000000147,
    "throughput" : 0.8796280812067293,
    "receivedKBytesPerSec" : 2.0616544449647143,
    "sentKBytesPerSec" : 1.8614785663818187
  },
  "015_GET_GetLookups" : {
    "transaction" : "015_GET_GetLookups",
    "sampleCount" : 654,
    "errorCount" : 0,
    "errorPct" : 0.0,
    "meanResTime" : 123.69266055045874,
    "medianResTime" : 65.0,
    "minResTime" : 40.0,
    "maxResTime" : 2863.0,
    "pct1ResTime" : 123.0,
    "pct2ResTime" : 448.25,
    "pct3ResTime" : 1798.8000000000084,
    "throughput" : 1.0946614332700082,
    "receivedKBytesPerSec" : 2.704583423997188,
    "sentKBytesPerSec" : 2.101664431453941
  },
  "004_POST_/Account/Login" : {
    "transaction" : "004_POST_/Account/Login",
    "sampleCount" : 659,
    "errorCount" : 0,
    "errorPct" : 0.0,
    "meanResTime" : 458.53262518968126,
    "medianResTime" : 387.0,
    "minResTime" : 320.0,
    "maxResTime" : 2971.0,
    "pct1ResTime" : 532.0,
    "pct2ResTime" : 1038.0,
    "pct3ResTime" : 2024.3999999999996,
    "throughput" : 1.0998676487032746,
    "receivedKBytesPerSec" : 18.182641803545113,
    "sentKBytesPerSec" : 2.4940358205947297
  },
  "044_GET_GetLookups" : {
    "transaction" : "044_GET_GetLookups",
    "sampleCount" : 454,
    "errorCount" : 0,
    "errorPct" : 0.0,
    "meanResTime" : 105.9405286343613,
    "medianResTime" : 65.0,
    "minResTime" : 42.0,
    "maxResTime" : 6193.0,
    "pct1ResTime" : 117.5,
    "pct2ResTime" : 183.25,
    "pct3ResTime" : 1444.4999999999977,
    "throughput" : 0.7646637753168555,
    "receivedKBytesPerSec" : 1.8511733388774263,
    "sentKBytesPerSec" : 1.4688414512189987
  },
  "054_GET_api/RequestSummary/get-requester-info" : {
    "transaction" : "054_GET_api/RequestSummary/get-requester-info",
    "sampleCount" : 451,
    "errorCount" : 0,
    "errorPct" : 0.0,
    "meanResTime" : 94.92461197339242,
    "medianResTime" : 59.0,
    "minResTime" : 46.0,
    "maxResTime" : 2555.0,
    "pct1ResTime" : 139.20000000000005,
    "pct2ResTime" : 208.39999999999986,
    "pct3ResTime" : 742.5200000000013,
    "throughput" : 0.7651330076004342,
    "receivedKBytesPerSec" : 0.44757292143814464,
    "sentKBytesPerSec" : 1.501872407496946
  },
  "001_GET_" : {
    "transaction" : "001_GET_",
    "sampleCount" : 661,
    "errorCount" : 0,
    "errorPct" : 0.0,
    "meanResTime" : 91.85022692889558,
    "medianResTime" : 45.0,
    "minResTime" : 28.0,
    "maxResTime" : 787.0,
    "pct1ResTime" : 206.00000000000034,
    "pct2ResTime" : 402.69999999999993,
    "pct3ResTime" : 659.2999999999998,
    "throughput" : 1.1015895553977888,
    "receivedKBytesPerSec" : 21.654195469337978,
    "sentKBytesPerSec" : 0.6196441249112562
  },
  "Fill_Cert_Info" : {
    "transaction" : "Fill_Cert_Info",
    "sampleCount" : 456,
    "errorCount" : 0,
    "errorPct" : 0.0,
    "meanResTime" : 1958.9385964912274,
    "medianResTime" : 1413.0,
    "minResTime" : 802.0,
    "maxResTime" : 12934.0,
    "pct1ResTime" : 3975.8,
    "pct2ResTime" : 4834.15,
    "pct3ResTime" : 7603.200000000008,
    "throughput" : 0.7641224405668582,
    "receivedKBytesPerSec" : 642.5941882235912,
    "sentKBytesPerSec" : 11.347665970410363
  },
  "Landing_Page" : {
    "transaction" : "Landing_Page",
    "sampleCount" : 661,
    "errorCount" : 0,
    "errorPct" : 0.0,
    "meanResTime" : 91.85022692889558,
    "medianResTime" : 45.0,
    "minResTime" : 28.0,
    "maxResTime" : 787.0,
    "pct1ResTime" : 206.00000000000034,
    "pct2ResTime" : 402.69999999999993,
    "pct3ResTime" : 659.2999999999998,
    "throughput" : 1.1015895553977888,
    "receivedKBytesPerSec" : 21.654195469337978,
    "sentKBytesPerSec" : 0.6196441249112562
  },
  "012_POST_api/CooCertificateRequest/CertificateInquiry" : {
    "transaction" : "012_POST_api/CooCertificateRequest/CertificateInquiry",
    "sampleCount" : 526,
    "errorCount" : 1,
    "errorPct" : 0.19011407,
    "meanResTime" : 195.38973384030413,
    "medianResTime" : 127.0,
    "minResTime" : 83.0,
    "maxResTime" : 3800.0,
    "pct1ResTime" : 251.20000000000005,
    "pct2ResTime" : 456.65,
    "pct3ResTime" : 1981.6300000000024,
    "throughput" : 0.8796030749318141,
    "receivedKBytesPerSec" : 0.794537195629744,
    "sentKBytesPerSec" : 0.40286508021779377
  },
  "002_GET_/connect/authorize-0" : {
    "transaction" : "002_GET_/connect/authorize-0",
    "sampleCount" : 661,
    "errorCount" : 0,
    "errorPct" : 0.0,
    "meanResTime" : 102.56429652042362,
    "medianResTime" : 45.0,
    "minResTime" : 37.0,
    "maxResTime" : 1725.0,
    "pct1ResTime" : 263.4000000000002,
    "pct2ResTime" : 429.29999999999984,
    "pct3ResTime" : 716.9799999999999,
    "throughput" : 1.101582212030411,
    "receivedKBytesPerSec" : 1.183340266829543,
    "sentKBytesPerSec" : 0.9950815880157521
  },
  "051_GET_api/RequestSummary" : {
    "transaction" : "051_GET_api/RequestSummary",
    "sampleCount" : 454,
    "errorCount" : 0,
    "errorPct" : 0.0,
    "meanResTime" : 441.0330396475771,
    "medianResTime" : 151.5,
    "minResTime" : 61.0,
    "maxResTime" : 4700.0,
    "pct1ResTime" : 1164.0,
    "pct2ResTime" : 1936.25,
    "pct3ResTime" : 3683.8999999999896,
    "throughput" : 0.765530230856264,
    "receivedKBytesPerSec" : 0.3999596420977552,
    "sentKBytesPerSec" : 1.4884479390965057
  },
  "002_GET_/connect/authorize-1" : {
    "transaction" : "002_GET_/connect/authorize-1",
    "sampleCount" : 661,
    "errorCount" : 0,
    "errorPct" : 0.0,
    "meanResTime" : 204.08925869894085,
    "medianResTime" : 175.0,
    "minResTime" : 135.0,
    "maxResTime" : 2097.0,
    "pct1ResTime" : 275.0,
    "pct2ResTime" : 344.5999999999999,
    "pct3ResTime" : 609.6399999999999,
    "throughput" : 1.1014133415980991,
    "receivedKBytesPerSec" : 18.088385244310473,
    "sentKBytesPerSec" : 1.2358632123986482
  },
  "Total" : {
    "transaction" : "Total",
    "sampleCount" : 38159,
    "errorCount" : 5,
    "errorPct" : 0.013103069,
    "meanResTime" : 246.600618464843,
    "medianResTime" : 89.0,
    "minResTime" : 4.0,
    "maxResTime" : 8599.0,
    "pct1ResTime" : 552.0,
    "pct2ResTime" : 974.0,
    "pct3ResTime" : 2180.9900000000016,
    "throughput" : 63.5409346889976,
    "receivedKBytesPerSec" : 2952.125172383343,
    "sentKBytesPerSec" : 144.4753824982266
  },
  "013_POST_api/Organization/get-applicant-organizations" : {
    "transaction" : "013_POST_api/Organization/get-applicant-organizations",
    "sampleCount" : 655,
    "errorCount" : 0,
    "errorPct" : 0.0,
    "meanResTime" : 857.7129770992367,
    "medianResTime" : 623.0,
    "minResTime" : 148.0,
    "maxResTime" : 5813.0,
    "pct1ResTime" : 1819.3999999999996,
    "pct2ResTime" : 2276.399999999998,
    "pct3ResTime" : 3787.9199999999737,
    "throughput" : 1.094783149365193,
    "receivedKBytesPerSec" : 357.06540941494706,
    "sentKBytesPerSec" : 2.162838194497837
  },
  "029_GET_GetLookups" : {
    "transaction" : "029_GET_GetLookups",
    "sampleCount" : 457,
    "errorCount" : 0,
    "errorPct" : 0.0,
    "meanResTime" : 109.1509846827133,
    "medianResTime" : 65.0,
    "minResTime" : 41.0,
    "maxResTime" : 4475.0,
    "pct1ResTime" : 93.59999999999997,
    "pct2ResTime" : 148.99999999999966,
    "pct3ResTime" : 1834.9200000000012,
    "throughput" : 0.7661332233588488,
    "receivedKBytesPerSec" : 1.114156666176308,
    "sentKBytesPerSec" : 1.4716641116668512
  },
  "045_GET_api/BaseOrganizationLookup" : {
    "transaction" : "045_GET_api/BaseOrganizationLookup",
    "sampleCount" : 454,
    "errorCount" : 0,
    "errorPct" : 0.0,
    "meanResTime" : 85.68502202643172,
    "medianResTime" : 61.0,
    "minResTime" : 49.0,
    "maxResTime" : 2942.0,
    "pct1ResTime" : 101.0,
    "pct2ResTime" : 158.5,
    "pct3ResTime" : 454.4999999999992,
    "throughput" : 0.7657355277671895,
    "receivedKBytesPerSec" : 2.828895808631054,
    "sentKBytesPerSec" : 1.4828647964475943
  },
  "032_GET_api/RequestInfo/GetProducerAttachments" : {
    "transaction" : "032_GET_api/RequestInfo/GetProducerAttachments",
    "sampleCount" : 456,
    "errorCount" : 0,
    "errorPct" : 0.0,
    "meanResTime" : 366.58991228070187,
    "medianResTime" : 84.5,
    "minResTime" : 52.0,
    "maxResTime" : 3625.0,
    "pct1ResTime" : 999.0000000000001,
    "pct2ResTime" : 1479.5999999999985,
    "pct3ResTime" : 3115.2100000000005,
    "throughput" : 0.7653626409039336,
    "receivedKBytesPerSec" : 0.393892687262083,
    "sentKBytesPerSec" : 1.5105448215496577
  },
  "Certifications_Requests_Page" : {
    "transaction" : "Certifications_Requests_Page",
    "sampleCount" : 653,
    "errorCount" : 0,
    "errorPct" : 0.0,
    "meanResTime" : 267.5895865237361,
    "medianResTime" : 124.0,
    "minResTime" : 64.0,
    "maxResTime" : 4976.0,
    "pct1ResTime" : 520.8000000000006,
    "pct2ResTime" : 989.9999999999968,
    "pct3ResTime" : 2592.9400000000032,
    "throughput" : 1.0937089126389539,
    "receivedKBytesPerSec" : 6.33037486014595,
    "sentKBytesPerSec" : 2.2312089047878656
  }
}